{
  "version": "7",
  "dialect": "mysql",
  "entries": [
    {
      "idx": 0,
      "version": "5",
      "when": 1768069130716,
      "tag": "0000_empty_leopardon",
      "breakpoints": true
    },
    {
      "idx": 1,
      "version": "5",
      "when": 1768320028555,
      "tag": "0001_gigantic_carnage",
      "breakpoints": true
    },
    {
      "idx": 2,
      "version": "5",
      "when": 1768321033576,
      "tag": "0002_cloudy_silver_sable",
      "breakpoints": true
    },
    {
      "idx": 3,
      "version": "5",
      "when": 1768321625069,
      "tag": "0003_sleepy_gorilla_man",
      "breakpoints": true
    },
    {
      "idx": 4,
      "version": "5",
      "when": 1768324036829,
      "tag": "0004_steady_colonel_america",
      "breakpoints": true
    }
  ]
}